{
  "stage1": {
    "accuracy": [
      0.33250001072883606,
      0.5395833253860474,
      0.6335416436195374,
      0.6672916412353516,
      0.7022916674613953,
      0.7233333587646484,
      0.7400000095367432,
      0.7593749761581421,
      0.7547916769981384,
      0.7712500095367432,
      0.7833333611488342,
      0.7895833253860474
    ],
    "loss": [
      1.9227603673934937,
      1.3165000677108765,
      1.0867291688919067,
      0.9715847969055176,
      0.8804658055305481,
      0.8155330419540405,
      0.7617425918579102,
      0.7157558798789978,
      0.7228019833564758,
      0.6674421429634094,
      0.6287363171577454,
      0.6303358674049377
    ],
    "val_accuracy": [
      0.5108333230018616,
      0.5416666865348816,
      0.5450000166893005,
      0.5699999928474426,
      0.5799999833106995,
      0.5975000262260437,
      0.6050000190734863,
      0.5975000262260437,
      0.6258333325386047,
      0.6608333587646484,
      0.653333306312561,
      0.6033333539962769
    ],
    "val_loss": [
      1.5073113441467285,
      1.2922686338424683,
      1.2567830085754395,
      1.2067959308624268,
      1.188047170639038,
      1.1710437536239624,
      1.2437520027160645,
      1.1938745975494385,
      1.0809364318847656,
      1.0253853797912598,
      1.0640636682510376,
      1.2661242485046387
    ],
    "learning_rate": [
      0.0010000000474974513,
      0.0010000000474974513,
      0.0010000000474974513,
      0.0010000000474974513,
      0.0010000000474974513,
      0.0010000000474974513,
      0.0010000000474974513,
      0.0010000000474974513,
      0.0010000000474974513,
      0.0010000000474974513,
      0.0010000000474974513,
      0.0010000000474974513
    ]
  },
  "stage2": {
    "accuracy": [
      0.5024999976158142,
      0.6231250166893005,
      0.7022916674613953,
      0.7395833134651184
    ],
    "loss": [
      1.540291428565979,
      1.0938973426818848,
      0.8904088139533997,
      0.7574714422225952
    ],
    "val_accuracy": [
      0.6866666674613953,
      0.6816666722297668,
      0.7058333158493042,
      0.7124999761581421
    ],
    "val_loss": [
      0.9902798533439636,
      1.0188039541244507,
      0.9659672975540161,
      0.9431852102279663
    ],
    "learning_rate": [
      9.999999747378752e-06,
      9.999999747378752e-06,
      9.999999747378752e-06,
      9.999999747378752e-06
    ]
  }
}